"Step","BPTT - eval/mean_reward","BPTT - eval/mean_reward__MIN","BPTT - eval/mean_reward__MAX"
"100","10.305368423461914","10.305368423461914","10.305368423461914"
"201","10.31924819946289","10.31924819946289","10.31924819946289"
"302","10.378535270690918","10.378535270690918","10.378535270690918"
"403","10.404189109802246","10.404189109802246","10.404189109802246"
"504","10.351388931274414","10.351388931274414","10.351388931274414"
"605","10.3316068649292","10.3316068649292","10.3316068649292"
"706","10.417255401611328","10.417255401611328","10.417255401611328"
"807","10.387840270996094","10.387840270996094","10.387840270996094"
"908","10.411608695983887","10.411608695983887","10.411608695983887"
"1009","10.406749725341797","10.406749725341797","10.406749725341797"
"1110","10.425471305847168","10.425471305847168","10.425471305847168"
"1211","10.347935676574707","10.347935676574707","10.347935676574707"
"1312","11.76638412475586","11.76638412475586","11.76638412475586"
"1413","12.686480522155762","12.686480522155762","12.686480522155762"
"1514","11.750399589538574","11.750399589538574","11.750399589538574"
"1615","13.220773696899414","13.220773696899414","13.220773696899414"
"1716","13.238321304321289","13.238321304321289","13.238321304321289"
"1817","13.290593147277832","13.290593147277832","13.290593147277832"
"1918","13.829845428466797","13.829845428466797","13.829845428466797"
"2019","11.979959487915039","11.979959487915039","11.979959487915039"
"2120","10.192138671875","10.192138671875","10.192138671875"
"2221","10.44528579711914","10.44528579711914","10.44528579711914"
"2322","10.509422302246094","10.509422302246094","10.509422302246094"
"2423","10.552842140197754","10.552842140197754","10.552842140197754"
"2524","10.584856986999512","10.584856986999512","10.584856986999512"
"2625","10.598297119140625","10.598297119140625","10.598297119140625"
"2726","10.677295684814453","10.677295684814453","10.677295684814453"
"2827","10.72445297241211","10.72445297241211","10.72445297241211"
"2928","10.77634048461914","10.77634048461914","10.77634048461914"
"3029","10.800989151000977","10.800989151000977","10.800989151000977"
"3130","10.827040672302246","10.827040672302246","10.827040672302246"
"3231","10.851990699768066","10.851990699768066","10.851990699768066"
"3332","10.852895736694336","10.852895736694336","10.852895736694336"
"3433","10.928929328918457","10.928929328918457","10.928929328918457"
"3534","10.945146560668945","10.945146560668945","10.945146560668945"
"3635","10.892887115478516","10.892887115478516","10.892887115478516"
"3736","10.994611740112305","10.994611740112305","10.994611740112305"
"3837","11.035630226135254","11.035630226135254","11.035630226135254"
"3938","11.04610824584961","11.04610824584961","11.04610824584961"
"4039","11.035937309265137","11.035937309265137","11.035937309265137"
"4140","11.052478790283203","11.052478790283203","11.052478790283203"
"4241","11.079340934753418","11.079340934753418","11.079340934753418"
"4342","11.119444847106934","11.119444847106934","11.119444847106934"
"4443","11.117871284484863","11.117871284484863","11.117871284484863"
"4544","11.133953094482422","11.133953094482422","11.133953094482422"
"4645","11.130236625671387","11.130236625671387","11.130236625671387"
"4746","11.155191421508789","11.155191421508789","11.155191421508789"
"4847","10.996848106384277","10.996848106384277","10.996848106384277"
"4948","11.051002502441406","11.051002502441406","11.051002502441406"
"5049","11.139678001403809","11.139678001403809","11.139678001403809"
"5150","11.168615341186523","11.168615341186523","11.168615341186523"
"5251","11.134028434753418","11.134028434753418","11.134028434753418"
"5352","11.045014381408691","11.045014381408691","11.045014381408691"
"5453","11.080039978027344","11.080039978027344","11.080039978027344"
"5554","11.008042335510254","11.008042335510254","11.008042335510254"
"5655","11.191452980041504","11.191452980041504","11.191452980041504"
"5756","11.1807279586792","11.1807279586792","11.1807279586792"
"5857","11.193839073181152","11.193839073181152","11.193839073181152"
"5958","11.180768013000488","11.180768013000488","11.180768013000488"
"6059","11.199433326721191","11.199433326721191","11.199433326721191"
"6160","11.25195026397705","11.25195026397705","11.25195026397705"
"6261","11.234343528747559","11.234343528747559","11.234343528747559"
"6362","11.239638328552246","11.239638328552246","11.239638328552246"
"6463","11.24706745147705","11.24706745147705","11.24706745147705"
"6564","11.23095989227295","11.23095989227295","11.23095989227295"
"6665","11.263786315917969","11.263786315917969","11.263786315917969"
"6766","11.240955352783203","11.240955352783203","11.240955352783203"
"6867","11.270879745483398","11.270879745483398","11.270879745483398"
"6968","11.276633262634277","11.276633262634277","11.276633262634277"
"7069","11.27969741821289","11.27969741821289","11.27969741821289"
"7170","11.26892375946045","11.26892375946045","11.26892375946045"
"7271","11.279626846313477","11.279626846313477","11.279626846313477"
"7372","11.264695167541504","11.264695167541504","11.264695167541504"
"7473","11.277615547180176","11.277615547180176","11.277615547180176"
"7574","11.284931182861328","11.284931182861328","11.284931182861328"
"7675","11.254263877868652","11.254263877868652","11.254263877868652"
"7776","11.266653060913086","11.266653060913086","11.266653060913086"
"7877","9.76872444152832","9.76872444152832","9.76872444152832"
"7978","10.435595512390137","10.435595512390137","10.435595512390137"
"8079","10.783286094665527","10.783286094665527","10.783286094665527"
"8180","10.935202598571777","10.935202598571777","10.935202598571777"
"8281","11.274435043334961","11.274435043334961","11.274435043334961"
"8382","11.456727027893066","11.456727027893066","11.456727027893066"
"8483","12.167150497436523","12.167150497436523","12.167150497436523"
"8584","12.305791854858398","12.305791854858398","12.305791854858398"
"8685","11.909368515014648","11.909368515014648","11.909368515014648"
"8786","12.795716285705566","12.795716285705566","12.795716285705566"
"8887","12.224526405334473","12.224526405334473","12.224526405334473"
"8988","12.657793998718262","12.657793998718262","12.657793998718262"
"9089","12.875536918640137","12.875536918640137","12.875536918640137"
"9190","12.55374526977539","12.55374526977539","12.55374526977539"
"9291","13.245774269104004","13.245774269104004","13.245774269104004"
"9392","13.380851745605469","13.380851745605469","13.380851745605469"
"9493","13.276994705200195","13.276994705200195","13.276994705200195"
"9594","13.530011177062988","13.530011177062988","13.530011177062988"
"9695","11.6923189163208","11.6923189163208","11.6923189163208"
"9796","13.619146347045898","13.619146347045898","13.619146347045898"
"9897","13.519841194152832","13.519841194152832","13.519841194152832"
"9998","13.868780136108398","13.868780136108398","13.868780136108398"
"10099","13.051989555358887","13.051989555358887","13.051989555358887"
"10200","13.767855644226074","13.767855644226074","13.767855644226074"
"10301","14.04394817352295","14.04394817352295","14.04394817352295"
"10402","13.791925430297852","13.791925430297852","13.791925430297852"
"10503","13.46267318725586","13.46267318725586","13.46267318725586"
"10604","11.226309776306152","11.226309776306152","11.226309776306152"
"10705","11.948772430419922","11.948772430419922","11.948772430419922"
"10806","13.445124626159668","13.445124626159668","13.445124626159668"
"10907","13.960602760314941","13.960602760314941","13.960602760314941"
"11008","14.069375991821289","14.069375991821289","14.069375991821289"
"11109","14.1951322555542","14.1951322555542","14.1951322555542"
"11210","14.011362075805664","14.011362075805664","14.011362075805664"
"11311","12.718328475952148","12.718328475952148","12.718328475952148"
"11412","13.921435356140137","13.921435356140137","13.921435356140137"
"11513","13.688767433166504","13.688767433166504","13.688767433166504"
"11614","14.237651824951172","14.237651824951172","14.237651824951172"
"11715","14.09839153289795","14.09839153289795","14.09839153289795"
"11816","14.6243257522583","14.6243257522583","14.6243257522583"
"11917","15.057360649108887","15.057360649108887","15.057360649108887"
"12018","14.515876770019531","14.515876770019531","14.515876770019531"
"12119","14.965088844299316","14.965088844299316","14.965088844299316"
"12220","14.947212219238281","14.947212219238281","14.947212219238281"
"12321","15.604004859924316","15.604004859924316","15.604004859924316"
"12422","15.662273406982422","15.662273406982422","15.662273406982422"
"12523","16.046873092651367","16.046873092651367","16.046873092651367"
"12624","14.517192840576172","14.517192840576172","14.517192840576172"
"12725","15.838225364685059","15.838225364685059","15.838225364685059"
"12826","15.953327178955078","15.953327178955078","15.953327178955078"
"12927","15.89106559753418","15.89106559753418","15.89106559753418"
"13028","16.104293823242188","16.104293823242188","16.104293823242188"
"13129","15.947966575622559","15.947966575622559","15.947966575622559"
"13230","16.199085235595703","16.199085235595703","16.199085235595703"
"13331","15.987666130065918","15.987666130065918","15.987666130065918"
"13432","16.16625213623047","16.16625213623047","16.16625213623047"
"13533","16.334705352783203","16.334705352783203","16.334705352783203"
"13634","16.211668014526367","16.211668014526367","16.211668014526367"
"13735","16.146522521972656","16.146522521972656","16.146522521972656"
"13836","16.11446189880371","16.11446189880371","16.11446189880371"
"13937","16.548072814941406","16.548072814941406","16.548072814941406"
"14038","15.11788558959961","15.11788558959961","15.11788558959961"
"14139","16.63467025756836","16.63467025756836","16.63467025756836"
"14240","16.761184692382812","16.761184692382812","16.761184692382812"
"14341","16.587636947631836","16.587636947631836","16.587636947631836"
"14442","8.861109733581543","8.861109733581543","8.861109733581543"
"14543","12.85116195678711","12.85116195678711","12.85116195678711"
"14644","14.557153701782227","14.557153701782227","14.557153701782227"
"14745","14.999528884887695","14.999528884887695","14.999528884887695"
"14846","16.121810913085938","16.121810913085938","16.121810913085938"
"14947","15.840262413024902","15.840262413024902","15.840262413024902"
"15048","16.375749588012695","16.375749588012695","16.375749588012695"
"15149","16.503318786621094","16.503318786621094","16.503318786621094"
"15250","16.401023864746094","16.401023864746094","16.401023864746094"
"15351","16.520790100097656","16.520790100097656","16.520790100097656"
"15452","15.940608024597168","15.940608024597168","15.940608024597168"
"15553","16.73908233642578","16.73908233642578","16.73908233642578"
"15654","16.984006881713867","16.984006881713867","16.984006881713867"
"15755","16.335613250732422","16.335613250732422","16.335613250732422"
"15856","17.076955795288086","17.076955795288086","17.076955795288086"
"15957","17.04470443725586","17.04470443725586","17.04470443725586"
"16058","16.969697952270508","16.969697952270508","16.969697952270508"
"16159","16.83319854736328","16.83319854736328","16.83319854736328"
"16260","16.963228225708008","16.963228225708008","16.963228225708008"
"16361","17.275650024414062","17.275650024414062","17.275650024414062"
"16462","15.068734169006348","15.068734169006348","15.068734169006348"
"16563","14.246857643127441","14.246857643127441","14.246857643127441"
"16664","16.79950523376465","16.79950523376465","16.79950523376465"
"16765","17.377992630004883","17.377992630004883","17.377992630004883"
"16866","17.007944107055664","17.007944107055664","17.007944107055664"
"16967","16.7843017578125","16.7843017578125","16.7843017578125"
"17068","17.36469841003418","17.36469841003418","17.36469841003418"
"17169","17.671106338500977","17.671106338500977","17.671106338500977"
"17270","16.020811080932617","16.020811080932617","16.020811080932617"
"17371","16.919818878173828","16.919818878173828","16.919818878173828"
"17472","10.746071815490723","10.746071815490723","10.746071815490723"
"17573","16.87321662902832","16.87321662902832","16.87321662902832"
"17674","17.190847396850586","17.190847396850586","17.190847396850586"
"17775","15.719656944274902","15.719656944274902","15.719656944274902"
"17876","16.084575653076172","16.084575653076172","16.084575653076172"
"17977","16.516210556030273","16.516210556030273","16.516210556030273"
"18078","17.35239028930664","17.35239028930664","17.35239028930664"
"18179","17.568504333496094","17.568504333496094","17.568504333496094"
"18280","14.497140884399414","14.497140884399414","14.497140884399414"
"18381","17.40477752685547","17.40477752685547","17.40477752685547"
"18482","16.649145126342773","16.649145126342773","16.649145126342773"
"18583","17.384017944335938","17.384017944335938","17.384017944335938"
"18684","17.40639877319336","17.40639877319336","17.40639877319336"
"18785","17.363439559936523","17.363439559936523","17.363439559936523"
"18886","17.758512496948242","17.758512496948242","17.758512496948242"
"18987","17.416093826293945","17.416093826293945","17.416093826293945"
"19088","17.297494888305664","17.297494888305664","17.297494888305664"
"19189","16.202131271362305","16.202131271362305","16.202131271362305"
"19290","17.57394027709961","17.57394027709961","17.57394027709961"
"19391","17.326974868774414","17.326974868774414","17.326974868774414"
"19492","17.803369522094727","17.803369522094727","17.803369522094727"
"19593","8.53467845916748","8.53467845916748","8.53467845916748"
"19694","9.314785957336426","9.314785957336426","9.314785957336426"
"19795","10.140023231506348","10.140023231506348","10.140023231506348"
"19896","10.381996154785156","10.381996154785156","10.381996154785156"
"19997","10.703747749328613","10.703747749328613","10.703747749328613"
"20098","11.306562423706055","11.306562423706055","11.306562423706055"
"20199","11.758554458618164","11.758554458618164","11.758554458618164"
"20300","12.040565490722656","12.040565490722656","12.040565490722656"
"20401","12.218815803527832","12.218815803527832","12.218815803527832"
"20502","12.274409294128418","12.274409294128418","12.274409294128418"
"20603","12.383169174194336","12.383169174194336","12.383169174194336"
"20704","12.75686264038086","12.75686264038086","12.75686264038086"
"20805","12.799412727355957","12.799412727355957","12.799412727355957"
"20906","13.00790786743164","13.00790786743164","13.00790786743164"
"21007","13.299559593200684","13.299559593200684","13.299559593200684"
"21108","13.186572074890137","13.186572074890137","13.186572074890137"
"21209","13.389263153076172","13.389263153076172","13.389263153076172"
"21310","13.699250221252441","13.699250221252441","13.699250221252441"
"21411","13.591279029846191","13.591279029846191","13.591279029846191"
"21512","13.854907035827637","13.854907035827637","13.854907035827637"
"21613","14.166437149047852","14.166437149047852","14.166437149047852"
"21714","13.957592010498047","13.957592010498047","13.957592010498047"
"21815","14.194938659667969","14.194938659667969","14.194938659667969"
"21916","14.18084716796875","14.18084716796875","14.18084716796875"
"22017","14.225610733032227","14.225610733032227","14.225610733032227"
"22118","14.292405128479004","14.292405128479004","14.292405128479004"
"22219","14.369312286376953","14.369312286376953","14.369312286376953"
"22320","14.439289093017578","14.439289093017578","14.439289093017578"
"22421","14.543166160583496","14.543166160583496","14.543166160583496"
"22522","13.892373085021973","13.892373085021973","13.892373085021973"
"22623","14.500265121459961","14.500265121459961","14.500265121459961"
"22724","14.691078186035156","14.691078186035156","14.691078186035156"
"22825","14.80617904663086","14.80617904663086","14.80617904663086"
"22926","14.710936546325684","14.710936546325684","14.710936546325684"
"23027","14.574819564819336","14.574819564819336","14.574819564819336"
"23128","14.897716522216797","14.897716522216797","14.897716522216797"
"23229","15.00223159790039","15.00223159790039","15.00223159790039"
"23330","15.075336456298828","15.075336456298828","15.075336456298828"
"23431","14.944988250732422","14.944988250732422","14.944988250732422"
"23532","15.046952247619629","15.046952247619629","15.046952247619629"
"23633","14.363564491271973","14.363564491271973","14.363564491271973"
"23734","13.988086700439453","13.988086700439453","13.988086700439453"
"23835","14.811174392700195","14.811174392700195","14.811174392700195"
"23936","14.891059875488281","14.891059875488281","14.891059875488281"
"24037","14.923209190368652","14.923209190368652","14.923209190368652"
"24138","15.047771453857422","15.047771453857422","15.047771453857422"
"24239","15.097342491149902","15.097342491149902","15.097342491149902"
"24340","15.130799293518066","15.130799293518066","15.130799293518066"
"24441","15.196442604064941","15.196442604064941","15.196442604064941"
"24542","15.357526779174805","15.357526779174805","15.357526779174805"
"24643","15.210411071777344","15.210411071777344","15.210411071777344"
"24744","14.638423919677734","14.638423919677734","14.638423919677734"
"24845","13.948896408081055","13.948896408081055","13.948896408081055"
"24946","14.753510475158691","14.753510475158691","14.753510475158691"
"25047","11.872087478637695","11.872087478637695","11.872087478637695"
"25148","14.602730751037598","14.602730751037598","14.602730751037598"
"25249","14.84552001953125","14.84552001953125","14.84552001953125"
"25350","8.975502967834473","8.975502967834473","8.975502967834473"
"25451","10.411174774169922","10.411174774169922","10.411174774169922"
"25552","10.56711196899414","10.56711196899414","10.56711196899414"
"25653","10.793425559997559","10.793425559997559","10.793425559997559"
"25754","11.084184646606445","11.084184646606445","11.084184646606445"
"25855","11.170302391052246","11.170302391052246","11.170302391052246"
"25956","11.25429916381836","11.25429916381836","11.25429916381836"
"26057","11.713859558105469","11.713859558105469","11.713859558105469"
"26158","12.500267028808594","12.500267028808594","12.500267028808594"
"26259","13.387768745422363","13.387768745422363","13.387768745422363"
"26360","14.921710014343262","14.921710014343262","14.921710014343262"
"26461","15.303642272949219","15.303642272949219","15.303642272949219"
"26562","15.085253715515137","15.085253715515137","15.085253715515137"
"26663","15.341753005981445","15.341753005981445","15.341753005981445"
"26764","15.520524978637695","15.520524978637695","15.520524978637695"
"26865","15.337492942810059","15.337492942810059","15.337492942810059"
"26966","15.569436073303223","15.569436073303223","15.569436073303223"
"27067","15.415124893188477","15.415124893188477","15.415124893188477"
"27168","15.629144668579102","15.629144668579102","15.629144668579102"
"27269","15.817090034484863","15.817090034484863","15.817090034484863"
"27370","15.661420822143555","15.661420822143555","15.661420822143555"
"27471","14.46118450164795","14.46118450164795","14.46118450164795"
"27572","15.57750129699707","15.57750129699707","15.57750129699707"
"27673","14.69614028930664","14.69614028930664","14.69614028930664"
"27774","16.080204010009766","16.080204010009766","16.080204010009766"
"27875","15.869601249694824","15.869601249694824","15.869601249694824"
"27976","16.125507354736328","16.125507354736328","16.125507354736328"
"28077","15.892486572265625","15.892486572265625","15.892486572265625"
"28178","15.90034294128418","15.90034294128418","15.90034294128418"
"28279","15.617815971374512","15.617815971374512","15.617815971374512"
"28380","15.772785186767578","15.772785186767578","15.772785186767578"
"28481","15.9216890335083","15.9216890335083","15.9216890335083"
"28582","15.868352890014648","15.868352890014648","15.868352890014648"
"28683","16.113679885864258","16.113679885864258","16.113679885864258"
"28784","16.09210205078125","16.09210205078125","16.09210205078125"
"28885","16.021570205688477","16.021570205688477","16.021570205688477"
"28986","14.206755638122559","14.206755638122559","14.206755638122559"
"29087","16.10661506652832","16.10661506652832","16.10661506652832"
"29188","16.218523025512695","16.218523025512695","16.218523025512695"
"29289","16.10943603515625","16.10943603515625","16.10943603515625"
"29390","16.016857147216797","16.016857147216797","16.016857147216797"
"29491","15.986815452575684","15.986815452575684","15.986815452575684"
"29592","15.966894149780273","15.966894149780273","15.966894149780273"
"29693","16.277868270874023","16.277868270874023","16.277868270874023"
"29794","16.221477508544922","16.221477508544922","16.221477508544922"
"29895","15.414824485778809","15.414824485778809","15.414824485778809"
"29996","16.22121238708496","16.22121238708496","16.22121238708496"
"30097","16.353059768676758","16.353059768676758","16.353059768676758"
"30198","15.750380516052246","15.750380516052246","15.750380516052246"
"30299","16.067890167236328","16.067890167236328","16.067890167236328"
"30400","16.18914222717285","16.18914222717285","16.18914222717285"
"30501","16.255611419677734","16.255611419677734","16.255611419677734"
"30602","16.344301223754883","16.344301223754883","16.344301223754883"
"30703","16.2943058013916","16.2943058013916","16.2943058013916"
"30804","16.331256866455078","16.331256866455078","16.331256866455078"
"30905","16.352468490600586","16.352468490600586","16.352468490600586"
"31006","16.428932189941406","16.428932189941406","16.428932189941406"
"31107","16.31664276123047","16.31664276123047","16.31664276123047"
"31208","16.269060134887695","16.269060134887695","16.269060134887695"
"31309","16.249340057373047","16.249340057373047","16.249340057373047"
"31410","16.38140869140625","16.38140869140625","16.38140869140625"
"31511","16.426084518432617","16.426084518432617","16.426084518432617"
"31612","16.484689712524414","16.484689712524414","16.484689712524414"
"31713","16.343151092529297","16.343151092529297","16.343151092529297"
"31814","16.157119750976562","16.157119750976562","16.157119750976562"
"31915","16.430150985717773","16.430150985717773","16.430150985717773"
"32016","15.896663665771484","15.896663665771484","15.896663665771484"
"32117","16.3151912689209","16.3151912689209","16.3151912689209"
"32218","16.31659507751465","16.31659507751465","16.31659507751465"
"32319","16.489482879638672","16.489482879638672","16.489482879638672"
"32420","16.610279083251953","16.610279083251953","16.610279083251953"
"32521","16.392318725585938","16.392318725585938","16.392318725585938"
"32622","16.756404876708984","16.756404876708984","16.756404876708984"
"32723","14.545367240905762","14.545367240905762","14.545367240905762"
"32824","16.546628952026367","16.546628952026367","16.546628952026367"
"32925","16.767229080200195","16.767229080200195","16.767229080200195"
"33026","16.66650390625","16.66650390625","16.66650390625"
"33127","16.873645782470703","16.873645782470703","16.873645782470703"
"33228","16.911714553833008","16.911714553833008","16.911714553833008"
"33329","16.633546829223633","16.633546829223633","16.633546829223633"
"33430","16.858213424682617","16.858213424682617","16.858213424682617"
"33531","16.79265785217285","16.79265785217285","16.79265785217285"
"33632","16.7463436126709","16.7463436126709","16.7463436126709"
"33733","16.5185604095459","16.5185604095459","16.5185604095459"
"33834","16.639402389526367","16.639402389526367","16.639402389526367"
"33935","16.85260772705078","16.85260772705078","16.85260772705078"
"34036","16.88392448425293","16.88392448425293","16.88392448425293"
"34137","16.718191146850586","16.718191146850586","16.718191146850586"
"34238","16.828947067260742","16.828947067260742","16.828947067260742"
"34339","16.9794979095459","16.9794979095459","16.9794979095459"
"34440","16.678083419799805","16.678083419799805","16.678083419799805"
"34541","16.04351234436035","16.04351234436035","16.04351234436035"
"34642","16.86817169189453","16.86817169189453","16.86817169189453"
"34743","16.9044189453125","16.9044189453125","16.9044189453125"
"34844","16.880212783813477","16.880212783813477","16.880212783813477"
"34945","17.152055740356445","17.152055740356445","17.152055740356445"
"35046","17.017488479614258","17.017488479614258","17.017488479614258"
"35147","16.551530838012695","16.551530838012695","16.551530838012695"
"35248","16.549772262573242","16.549772262573242","16.549772262573242"
"35349","17.045896530151367","17.045896530151367","17.045896530151367"
"35450","17.03632354736328","17.03632354736328","17.03632354736328"
"35551","16.880775451660156","16.880775451660156","16.880775451660156"
"35652","16.602312088012695","16.602312088012695","16.602312088012695"
"35753","17.10832405090332","17.10832405090332","17.10832405090332"
"35854","16.81060028076172","16.81060028076172","16.81060028076172"
"35955","17.074148178100586","17.074148178100586","17.074148178100586"
"36056","17.144807815551758","17.144807815551758","17.144807815551758"
"36157","17.04193878173828","17.04193878173828","17.04193878173828"
"36258","17.029943466186523","17.029943466186523","17.029943466186523"
"36359","16.838293075561523","16.838293075561523","16.838293075561523"
"36460","17.257280349731445","17.257280349731445","17.257280349731445"
"36561","16.76296615600586","16.76296615600586","16.76296615600586"
"36662","16.795717239379883","16.795717239379883","16.795717239379883"
"36763","16.303701400756836","16.303701400756836","16.303701400756836"
"36864","16.954605102539062","16.954605102539062","16.954605102539062"
"36965","17.06964683532715","17.06964683532715","17.06964683532715"
"37066","17.194509506225586","17.194509506225586","17.194509506225586"
"37167","16.686769485473633","16.686769485473633","16.686769485473633"
"37268","16.67267608642578","16.67267608642578","16.67267608642578"
"37369","17.110334396362305","17.110334396362305","17.110334396362305"
"37470","17.07067108154297","17.07067108154297","17.07067108154297"
"37571","17.1688175201416","17.1688175201416","17.1688175201416"
"37672","17.017663955688477","17.017663955688477","17.017663955688477"
"37773","17.260324478149414","17.260324478149414","17.260324478149414"
"37874","16.977079391479492","16.977079391479492","16.977079391479492"
"37975","16.804441452026367","16.804441452026367","16.804441452026367"
"38076","17.1390438079834","17.1390438079834","17.1390438079834"
"38177","17.245454788208008","17.245454788208008","17.245454788208008"
"38278","17.318798065185547","17.318798065185547","17.318798065185547"
"38379","16.9710636138916","16.9710636138916","16.9710636138916"
"38480","17.381113052368164","17.381113052368164","17.381113052368164"
"38581","17.204648971557617","17.204648971557617","17.204648971557617"
"38682","17.11001205444336","17.11001205444336","17.11001205444336"
"38783","17.353111267089844","17.353111267089844","17.353111267089844"
"38884","17.000167846679688","17.000167846679688","17.000167846679688"
"38985","17.245140075683594","17.245140075683594","17.245140075683594"
"39086","17.20354652404785","17.20354652404785","17.20354652404785"
"39187","17.166257858276367","17.166257858276367","17.166257858276367"
"39288","16.80156707763672","16.80156707763672","16.80156707763672"
"39389","17.273897171020508","17.273897171020508","17.273897171020508"
"39490","17.219633102416992","17.219633102416992","17.219633102416992"
"39591","17.291240692138672","17.291240692138672","17.291240692138672"
"39692","17.33504867553711","17.33504867553711","17.33504867553711"
"39793","16.919960021972656","16.919960021972656","16.919960021972656"
"39894","17.296859741210938","17.296859741210938","17.296859741210938"
"39995","17.301969528198242","17.301969528198242","17.301969528198242"
"40096","17.201431274414062","17.201431274414062","17.201431274414062"
"40197","17.310592651367188","17.310592651367188","17.310592651367188"
"40298","17.256807327270508","17.256807327270508","17.256807327270508"
"40399","17.04219627380371","17.04219627380371","17.04219627380371"
"40500","17.323606491088867","17.323606491088867","17.323606491088867"
"40601","17.36939239501953","17.36939239501953","17.36939239501953"
"40702","17.15773582458496","17.15773582458496","17.15773582458496"
"40803","17.31682586669922","17.31682586669922","17.31682586669922"
"40904","17.415170669555664","17.415170669555664","17.415170669555664"
"41005","17.542030334472656","17.542030334472656","17.542030334472656"
"41106","17.13397979736328","17.13397979736328","17.13397979736328"
"41207","13.507524490356445","13.507524490356445","13.507524490356445"
"41308","16.417280197143555","16.417280197143555","16.417280197143555"
"41409","16.922866821289062","16.922866821289062","16.922866821289062"
"41510","17.12999725341797","17.12999725341797","17.12999725341797"
"41611","17.357410430908203","17.357410430908203","17.357410430908203"
"41712","17.193769454956055","17.193769454956055","17.193769454956055"
"41813","17.181713104248047","17.181713104248047","17.181713104248047"
"41914","17.330001831054688","17.330001831054688","17.330001831054688"
"42015","17.436500549316406","17.436500549316406","17.436500549316406"
"42116","17.346677780151367","17.346677780151367","17.346677780151367"
"42217","17.407636642456055","17.407636642456055","17.407636642456055"
"42318","16.840923309326172","16.840923309326172","16.840923309326172"
"42419","17.411273956298828","17.411273956298828","17.411273956298828"
"42520","17.601762771606445","17.601762771606445","17.601762771606445"
"42621","17.576662063598633","17.576662063598633","17.576662063598633"
"42722","17.545801162719727","17.545801162719727","17.545801162719727"
"42823","17.431631088256836","17.431631088256836","17.431631088256836"
"42924","17.527040481567383","17.527040481567383","17.527040481567383"
"43025","17.51787567138672","17.51787567138672","17.51787567138672"
"43126","17.609888076782227","17.609888076782227","17.609888076782227"
"43227","17.607440948486328","17.607440948486328","17.607440948486328"
"43328","17.5781307220459","17.5781307220459","17.5781307220459"
"43429","17.310258865356445","17.310258865356445","17.310258865356445"
"43530","17.336538314819336","17.336538314819336","17.336538314819336"
"43631","17.68760871887207","17.68760871887207","17.68760871887207"
"43732","17.606098175048828","17.606098175048828","17.606098175048828"
"43833","17.324932098388672","17.324932098388672","17.324932098388672"
"43934","17.665925979614258","17.665925979614258","17.665925979614258"
"44035","17.317861557006836","17.317861557006836","17.317861557006836"
"44136","17.58673667907715","17.58673667907715","17.58673667907715"
"44237","17.625511169433594","17.625511169433594","17.625511169433594"
"44338","17.42251968383789","17.42251968383789","17.42251968383789"
"44439","17.662734985351562","17.662734985351562","17.662734985351562"
"44540","17.693260192871094","17.693260192871094","17.693260192871094"
"44641","16.74992561340332","16.74992561340332","16.74992561340332"
"44742","17.650161743164062","17.650161743164062","17.650161743164062"
"44843","17.783588409423828","17.783588409423828","17.783588409423828"
"44944","17.551542282104492","17.551542282104492","17.551542282104492"
"45045","17.685104370117188","17.685104370117188","17.685104370117188"
"45146","17.67540740966797","17.67540740966797","17.67540740966797"
"45247","17.116390228271484","17.116390228271484","17.116390228271484"
"45348","16.74148178100586","16.74148178100586","16.74148178100586"
"45449","17.181808471679688","17.181808471679688","17.181808471679688"
"45550","17.847515106201172","17.847515106201172","17.847515106201172"
"45651","17.626325607299805","17.626325607299805","17.626325607299805"
"45752","17.012758255004883","17.012758255004883","17.012758255004883"
"45853","17.61680793762207","17.61680793762207","17.61680793762207"
"45954","18.050981521606445","18.050981521606445","18.050981521606445"
"46055","17.913148880004883","17.913148880004883","17.913148880004883"
"46156","17.708696365356445","17.708696365356445","17.708696365356445"
"46257","18.01309585571289","18.01309585571289","18.01309585571289"
"46358","17.917091369628906","17.917091369628906","17.917091369628906"
"46459","17.87044906616211","17.87044906616211","17.87044906616211"
"46560","17.96390151977539","17.96390151977539","17.96390151977539"
"46661","18.00969696044922","18.00969696044922","18.00969696044922"
"46762","18.03693199157715","18.03693199157715","18.03693199157715"
"46863","18.07333755493164","18.07333755493164","18.07333755493164"
"46964","18.182628631591797","18.182628631591797","18.182628631591797"
"47065","17.99120330810547","17.99120330810547","17.99120330810547"
"47166","17.97189712524414","17.97189712524414","17.97189712524414"
"47267","17.693546295166016","17.693546295166016","17.693546295166016"
"47368","18.057836532592773","18.057836532592773","18.057836532592773"
"47469","17.03293800354004","17.03293800354004","17.03293800354004"
"47570","18.094013214111328","18.094013214111328","18.094013214111328"
"47671","17.460813522338867","17.460813522338867","17.460813522338867"
"47772","18.23955535888672","18.23955535888672","18.23955535888672"
"47873","18.085464477539062","18.085464477539062","18.085464477539062"
"47974","16.226343154907227","16.226343154907227","16.226343154907227"
"48075","17.2733154296875","17.2733154296875","17.2733154296875"
"48176","17.326866149902344","17.326866149902344","17.326866149902344"
"48277","17.82598876953125","17.82598876953125","17.82598876953125"
"48378","18.04146957397461","18.04146957397461","18.04146957397461"
"48479","18.084043502807617","18.084043502807617","18.084043502807617"
"48580","17.898086547851562","17.898086547851562","17.898086547851562"
"48681","18.17043685913086","18.17043685913086","18.17043685913086"
"48782","16.787607192993164","16.787607192993164","16.787607192993164"
"48883","17.969947814941406","17.969947814941406","17.969947814941406"
"48984","18.298568725585938","18.298568725585938","18.298568725585938"
"49085","16.79303741455078","16.79303741455078","16.79303741455078"
"49186","17.565929412841797","17.565929412841797","17.565929412841797"
"49287","18.303342819213867","18.303342819213867","18.303342819213867"
"49388","18.088289260864258","18.088289260864258","18.088289260864258"
"49489","18.164396286010742","18.164396286010742","18.164396286010742"
"49590","18.0667781829834","18.0667781829834","18.0667781829834"
"49691","16.8887939453125","16.8887939453125","16.8887939453125"
"49792","17.85613250732422","17.85613250732422","17.85613250732422"
"49893","17.955623626708984","17.955623626708984","17.955623626708984"
"49994","17.891206741333008","17.891206741333008","17.891206741333008"
"50095","18.02203369140625","18.02203369140625","18.02203369140625"
"50196","18.05226707458496","18.05226707458496","18.05226707458496"
"50297","18.23368263244629","18.23368263244629","18.23368263244629"
"50398","18.378280639648438","18.378280639648438","18.378280639648438"
"50499","18.377609252929688","18.377609252929688","18.377609252929688"
"50600","18.442419052124023","18.442419052124023","18.442419052124023"
"50701","18.37158966064453","18.37158966064453","18.37158966064453"
"50802","18.23442268371582","18.23442268371582","18.23442268371582"
"50903","18.314895629882812","18.314895629882812","18.314895629882812"
"51004","18.28384780883789","18.28384780883789","18.28384780883789"
"51105","17.763246536254883","17.763246536254883","17.763246536254883"
"51206","16.341611862182617","16.341611862182617","16.341611862182617"
"51307","17.496984481811523","17.496984481811523","17.496984481811523"
"51408","18.164447784423828","18.164447784423828","18.164447784423828"
"51509","18.354692459106445","18.354692459106445","18.354692459106445"
"51610","18.391653060913086","18.391653060913086","18.391653060913086"
"51711","18.448551177978516","18.448551177978516","18.448551177978516"
"51812","18.480466842651367","18.480466842651367","18.480466842651367"
"51913","18.141855239868164","18.141855239868164","18.141855239868164"
"52014","18.10234832763672","18.10234832763672","18.10234832763672"
"52115","18.398540496826172","18.398540496826172","18.398540496826172"
"52216","18.590829849243164","18.590829849243164","18.590829849243164"
"52317","18.349180221557617","18.349180221557617","18.349180221557617"
"52418","18.501964569091797","18.501964569091797","18.501964569091797"
"52519","18.362268447875977","18.362268447875977","18.362268447875977"
"52620","18.460155487060547","18.460155487060547","18.460155487060547"
"52721","18.299575805664062","18.299575805664062","18.299575805664062"
"52822","18.437856674194336","18.437856674194336","18.437856674194336"
"52923","18.639585494995117","18.639585494995117","18.639585494995117"
"53024","16.27336883544922","16.27336883544922","16.27336883544922"
"53125","18.141942977905273","18.141942977905273","18.141942977905273"
"53226","18.664949417114258","18.664949417114258","18.664949417114258"
"53327","18.478952407836914","18.478952407836914","18.478952407836914"
"53428","18.705507278442383","18.705507278442383","18.705507278442383"
"53529","15.577305793762207","15.577305793762207","15.577305793762207"
"53630","17.84884262084961","17.84884262084961","17.84884262084961"
"53731","18.616851806640625","18.616851806640625","18.616851806640625"
"53832","18.247190475463867","18.247190475463867","18.247190475463867"
"53933","18.44403648376465","18.44403648376465","18.44403648376465"
"54034","18.75243377685547","18.75243377685547","18.75243377685547"
"54135","16.95355987548828","16.95355987548828","16.95355987548828"
"54236","12.493125915527344","12.493125915527344","12.493125915527344"
"54337","17.766864776611328","17.766864776611328","17.766864776611328"
"54438","18.09282684326172","18.09282684326172","18.09282684326172"
"54539","18.604915618896484","18.604915618896484","18.604915618896484"
"54640","18.054502487182617","18.054502487182617","18.054502487182617"
"54741","18.900829315185547","18.900829315185547","18.900829315185547"
"54842","18.74187660217285","18.74187660217285","18.74187660217285"
"54943","17.060182571411133","17.060182571411133","17.060182571411133"
"55044","17.369077682495117","17.369077682495117","17.369077682495117"
"55145","17.504976272583008","17.504976272583008","17.504976272583008"
"55246","18.726598739624023","18.726598739624023","18.726598739624023"
"55347","18.841833114624023","18.841833114624023","18.841833114624023"
"55448","18.566123962402344","18.566123962402344","18.566123962402344"
"55549","18.88881492614746","18.88881492614746","18.88881492614746"
"55650","18.663673400878906","18.663673400878906","18.663673400878906"
"55751","18.758190155029297","18.758190155029297","18.758190155029297"
"55852","18.70230484008789","18.70230484008789","18.70230484008789"
"55953","17.59626579284668","17.59626579284668","17.59626579284668"
"56054","18.672626495361328","18.672626495361328","18.672626495361328"
"56155","18.928251266479492","18.928251266479492","18.928251266479492"
"56256","18.88202476501465","18.88202476501465","18.88202476501465"
"56357","16.330238342285156","16.330238342285156","16.330238342285156"
"56458","16.613697052001953","16.613697052001953","16.613697052001953"
"56559","17.580711364746094","17.580711364746094","17.580711364746094"
"56660","17.93246078491211","17.93246078491211","17.93246078491211"
"56761","17.932884216308594","17.932884216308594","17.932884216308594"
"56862","18.377613067626953","18.377613067626953","18.377613067626953"
"56963","18.468904495239258","18.468904495239258","18.468904495239258"
"57064","18.330299377441406","18.330299377441406","18.330299377441406"
"57165","18.610383987426758","18.610383987426758","18.610383987426758"
"57266","18.603290557861328","18.603290557861328","18.603290557861328"
"57367","18.01325035095215","18.01325035095215","18.01325035095215"
"57468","18.927961349487305","18.927961349487305","18.927961349487305"
"57569","18.1090030670166","18.1090030670166","18.1090030670166"
"57670","18.643749237060547","18.643749237060547","18.643749237060547"
"57771","16.455913543701172","16.455913543701172","16.455913543701172"
"57872","17.256298065185547","17.256298065185547","17.256298065185547"
"57973","18.113065719604492","18.113065719604492","18.113065719604492"
"58074","18.809707641601562","18.809707641601562","18.809707641601562"
"58175","18.810375213623047","18.810375213623047","18.810375213623047"
"58276","18.774587631225586","18.774587631225586","18.774587631225586"
"58377","18.843645095825195","18.843645095825195","18.843645095825195"
"58478","16.11520004272461","16.11520004272461","16.11520004272461"
"58579","18.264598846435547","18.264598846435547","18.264598846435547"
"58680","19.031517028808594","19.031517028808594","19.031517028808594"
"58781","18.613361358642578","18.613361358642578","18.613361358642578"
"58882","18.82306671142578","18.82306671142578","18.82306671142578"
"58983","19.067920684814453","19.067920684814453","19.067920684814453"
"59084","11.123272895812988","11.123272895812988","11.123272895812988"
"59185","14.873403549194336","14.873403549194336","14.873403549194336"
"59286","15.510995864868164","15.510995864868164","15.510995864868164"
"59387","17.204994201660156","17.204994201660156","17.204994201660156"
"59488","17.4638614654541","17.4638614654541","17.4638614654541"
"59589","17.704286575317383","17.704286575317383","17.704286575317383"
"59690","17.254667282104492","17.254667282104492","17.254667282104492"
"59791","18.498733520507812","18.498733520507812","18.498733520507812"
"59892","18.20659828186035","18.20659828186035","18.20659828186035"
"59993","18.42792320251465","18.42792320251465","18.42792320251465"
"60094","18.876874923706055","18.876874923706055","18.876874923706055"
"60195","18.52382469177246","18.52382469177246","18.52382469177246"
"60296","17.857515335083008","17.857515335083008","17.857515335083008"
"60397","18.8353214263916","18.8353214263916","18.8353214263916"
"60498","17.891969680786133","17.891969680786133","17.891969680786133"
"60599","18.17159652709961","18.17159652709961","18.17159652709961"
"60700","17.881101608276367","17.881101608276367","17.881101608276367"
"60801","17.668437957763672","17.668437957763672","17.668437957763672"
"60902","17.41094398498535","17.41094398498535","17.41094398498535"
"61003","11.306221008300781","11.306221008300781","11.306221008300781"
"61104","10.213144302368164","10.213144302368164","10.213144302368164"
"61205","10.360942840576172","10.360942840576172","10.360942840576172"
"61306","10.428476333618164","10.428476333618164","10.428476333618164"
"61407","10.42688274383545","10.42688274383545","10.42688274383545"
"61508","10.469133377075195","10.469133377075195","10.469133377075195"
"61609","10.470020294189453","10.470020294189453","10.470020294189453"
"61710","10.514756202697754","10.514756202697754","10.514756202697754"
"61811","10.532855033874512","10.532855033874512","10.532855033874512"
"61912","10.639435768127441","10.639435768127441","10.639435768127441"
"62013","10.770058631896973","10.770058631896973","10.770058631896973"
"62114","10.893502235412598","10.893502235412598","10.893502235412598"
"62215","11.023146629333496","11.023146629333496","11.023146629333496"
"62316","10.687525749206543","10.687525749206543","10.687525749206543"
"62417","11.022254943847656","11.022254943847656","11.022254943847656"
"62518","11.716651916503906","11.716651916503906","11.716651916503906"
"62619","10.834003448486328","10.834003448486328","10.834003448486328"
"62720","10.538434028625488","10.538434028625488","10.538434028625488"
"62821","11.14737319946289","11.14737319946289","11.14737319946289"
"62922","11.444576263427734","11.444576263427734","11.444576263427734"
"63023","11.774017333984375","11.774017333984375","11.774017333984375"
"63124","11.828635215759277","11.828635215759277","11.828635215759277"
"63225","10.767160415649414","10.767160415649414","10.767160415649414"
"63326","11.132284164428711","11.132284164428711","11.132284164428711"
"63427","12.248566627502441","12.248566627502441","12.248566627502441"
"63528","10.21181869506836","10.21181869506836","10.21181869506836"
"63629","10.216628074645996","10.216628074645996","10.216628074645996"
"63730","10.41836929321289","10.41836929321289","10.41836929321289"
"63831","10.204129219055176","10.204129219055176","10.204129219055176"
"63932","10.211734771728516","10.211734771728516","10.211734771728516"
"64033","10.220797538757324","10.220797538757324","10.220797538757324"
"64134","10.22131061553955","10.22131061553955","10.22131061553955"
"64235","10.220026969909668","10.220026969909668","10.220026969909668"
"64336","10.201727867126465","10.201727867126465","10.201727867126465"
"64437","10.340083122253418","10.340083122253418","10.340083122253418"
"64538","10.206779479980469","10.206779479980469","10.206779479980469"
"64639","10.255668640136719","10.255668640136719","10.255668640136719"
"64740","10.437504768371582","10.437504768371582","10.437504768371582"
"64841","10.501782417297363","10.501782417297363","10.501782417297363"
"64942","10.214101791381836","10.214101791381836","10.214101791381836"
"65043","10.613921165466309","10.613921165466309","10.613921165466309"
"65144","10.854930877685547","10.854930877685547","10.854930877685547"
"65245","11.020956993103027","11.020956993103027","11.020956993103027"
"65346","11.103972434997559","11.103972434997559","11.103972434997559"
"65447","11.133636474609375","11.133636474609375","11.133636474609375"
"65548","10.955822944641113","10.955822944641113","10.955822944641113"
"65649","11.062636375427246","11.062636375427246","11.062636375427246"
"65750","11.243629455566406","11.243629455566406","11.243629455566406"
"65851","10.895267486572266","10.895267486572266","10.895267486572266"
"65952","10.961406707763672","10.961406707763672","10.961406707763672"
"66053","10.339984893798828","10.339984893798828","10.339984893798828"
"66154","10.881274223327637","10.881274223327637","10.881274223327637"
"66255","11.00958251953125","11.00958251953125","11.00958251953125"
"66356","11.23529052734375","11.23529052734375","11.23529052734375"
"66457","11.273578643798828","11.273578643798828","11.273578643798828"
"66558","11.282600402832031","11.282600402832031","11.282600402832031"
"66659","11.445754051208496","11.445754051208496","11.445754051208496"
"66760","11.346219062805176","11.346219062805176","11.346219062805176"
"66861","11.531562805175781","11.531562805175781","11.531562805175781"
"66962","11.396797180175781","11.396797180175781","11.396797180175781"
"67063","11.698752403259277","11.698752403259277","11.698752403259277"
"67164","11.70925521850586","11.70925521850586","11.70925521850586"
"67265","11.696887016296387","11.696887016296387","11.696887016296387"
"67366","11.682461738586426","11.682461738586426","11.682461738586426"
"67467","11.804786682128906","11.804786682128906","11.804786682128906"
"67568","11.977585792541504","11.977585792541504","11.977585792541504"
"67669","11.906122207641602","11.906122207641602","11.906122207641602"
"67770","11.88672161102295","11.88672161102295","11.88672161102295"
"67871","12.116286277770996","12.116286277770996","12.116286277770996"
"67972","11.448617935180664","11.448617935180664","11.448617935180664"
"68073","11.767552375793457","11.767552375793457","11.767552375793457"
"68174","12.406081199645996","12.406081199645996","12.406081199645996"
"68275","12.735461235046387","12.735461235046387","12.735461235046387"
"68376","13.010150909423828","13.010150909423828","13.010150909423828"
"68477","13.17336654663086","13.17336654663086","13.17336654663086"
"68578","12.937255859375","12.937255859375","12.937255859375"
"68679","11.495932579040527","11.495932579040527","11.495932579040527"
"68780","12.8482084274292","12.8482084274292","12.8482084274292"
"68881","10.2030668258667","10.2030668258667","10.2030668258667"
"68982","10.211533546447754","10.211533546447754","10.211533546447754"
"69083","10.340490341186523","10.340490341186523","10.340490341186523"
"69184","11.282386779785156","11.282386779785156","11.282386779785156"
"69285","11.407109260559082","11.407109260559082","11.407109260559082"
"69386","10.568127632141113","10.568127632141113","10.568127632141113"
"69487","11.252262115478516","11.252262115478516","11.252262115478516"
"69588","11.293892860412598","11.293892860412598","11.293892860412598"
"69689","11.538726806640625","11.538726806640625","11.538726806640625"
"69790","11.537734031677246","11.537734031677246","11.537734031677246"
"69891","11.424242973327637","11.424242973327637","11.424242973327637"
"69992","11.684932708740234","11.684932708740234","11.684932708740234"
"70093","11.523221015930176","11.523221015930176","11.523221015930176"
"70194","11.716626167297363","11.716626167297363","11.716626167297363"
"70295","11.564492225646973","11.564492225646973","11.564492225646973"
"70396","11.163546562194824","11.163546562194824","11.163546562194824"
"70497","11.535181045532227","11.535181045532227","11.535181045532227"
"70598","11.482544898986816","11.482544898986816","11.482544898986816"
"70699","11.525591850280762","11.525591850280762","11.525591850280762"
"70800","11.419696807861328","11.419696807861328","11.419696807861328"
"70901","11.678540229797363","11.678540229797363","11.678540229797363"
"71002","11.694999694824219","11.694999694824219","11.694999694824219"
"71103","11.180886268615723","11.180886268615723","11.180886268615723"
"71204","11.11960220336914","11.11960220336914","11.11960220336914"
"71305","9.977150917053223","9.977150917053223","9.977150917053223"
"71406","10.194086074829102","10.194086074829102","10.194086074829102"
"71507","10.181632995605469","10.181632995605469","10.181632995605469"
"71608","10.663982391357422","10.663982391357422","10.663982391357422"
"71709","9.453934669494629","9.453934669494629","9.453934669494629"
"71810","10.691198348999023","10.691198348999023","10.691198348999023"
"71911","11.296889305114746","11.296889305114746","11.296889305114746"
"72012","10.850442886352539","10.850442886352539","10.850442886352539"
"72113","10.366589546203613","10.366589546203613","10.366589546203613"
"72214","10.378398895263672","10.378398895263672","10.378398895263672"
"72315","10.696184158325195","10.696184158325195","10.696184158325195"
"72416","10.91302490234375","10.91302490234375","10.91302490234375"
"72517","11.041908264160156","11.041908264160156","11.041908264160156"
"72618","11.135632514953613","11.135632514953613","11.135632514953613"
"72719","11.438054084777832","11.438054084777832","11.438054084777832"
"72820","11.599562644958496","11.599562644958496","11.599562644958496"
"72921","10.669227600097656","10.669227600097656","10.669227600097656"
"73022","11.122249603271484","11.122249603271484","11.122249603271484"
"73123","11.10711669921875","11.10711669921875","11.10711669921875"
"73224","10.971378326416016","10.971378326416016","10.971378326416016"
"73325","11.200361251831055","11.200361251831055","11.200361251831055"
"73426","10.518393516540527","10.518393516540527","10.518393516540527"
"73527","10.62692642211914","10.62692642211914","10.62692642211914"
"73628","10.914438247680664","10.914438247680664","10.914438247680664"
"73729","10.540314674377441","10.540314674377441","10.540314674377441"
"73830","10.431256294250488","10.431256294250488","10.431256294250488"
"73931","10.587824821472168","10.587824821472168","10.587824821472168"
"74032","10.68461799621582","10.68461799621582","10.68461799621582"
"74133","10.928754806518555","10.928754806518555","10.928754806518555"
"74234","10.878918647766113","10.878918647766113","10.878918647766113"
"74335","11.085328102111816","11.085328102111816","11.085328102111816"
"74436","11.196725845336914","11.196725845336914","11.196725845336914"
"74537","11.466042518615723","11.466042518615723","11.466042518615723"
"74638","11.379217147827148","11.379217147827148","11.379217147827148"
"74739","11.43960189819336","11.43960189819336","11.43960189819336"
"74840","11.5670166015625","11.5670166015625","11.5670166015625"
"74941","11.514871597290039","11.514871597290039","11.514871597290039"
"75042","11.18049430847168","11.18049430847168","11.18049430847168"
"75143","10.314828872680664","10.314828872680664","10.314828872680664"
"75244","11.58266830444336","11.58266830444336","11.58266830444336"
"75345","11.168439865112305","11.168439865112305","11.168439865112305"
"75446","11.416581153869629","11.416581153869629","11.416581153869629"
"75547","11.915874481201172","11.915874481201172","11.915874481201172"
"75648","11.569594383239746","11.569594383239746","11.569594383239746"
"75749","11.584057807922363","11.584057807922363","11.584057807922363"
"75850","11.372786521911621","11.372786521911621","11.372786521911621"
"75951","11.508456230163574","11.508456230163574","11.508456230163574"
"76052","11.676238059997559","11.676238059997559","11.676238059997559"
"76153","11.62316608428955","11.62316608428955","11.62316608428955"
"76254","11.90762710571289","11.90762710571289","11.90762710571289"
"76355","11.953149795532227","11.953149795532227","11.953149795532227"
"76456","12.137141227722168","12.137141227722168","12.137141227722168"
"76557","11.950346946716309","11.950346946716309","11.950346946716309"
"76658","10.74340534210205","10.74340534210205","10.74340534210205"
"76759","10.729778289794922","10.729778289794922","10.729778289794922"
"76860","10.761348724365234","10.761348724365234","10.761348724365234"
"76961","10.7628173828125","10.7628173828125","10.7628173828125"
"77062","10.809462547302246","10.809462547302246","10.809462547302246"
"77163","10.834360122680664","10.834360122680664","10.834360122680664"
"77264","10.788230895996094","10.788230895996094","10.788230895996094"
"77365","10.86462688446045","10.86462688446045","10.86462688446045"
"77466","10.910116195678711","10.910116195678711","10.910116195678711"
"77567","10.952933311462402","10.952933311462402","10.952933311462402"
"77668","10.913473129272461","10.913473129272461","10.913473129272461"
"77769","11.107475280761719","11.107475280761719","11.107475280761719"
"77870","11.037919998168945","11.037919998168945","11.037919998168945"
"77971","11.151056289672852","11.151056289672852","11.151056289672852"
"78072","10.962089538574219","10.962089538574219","10.962089538574219"
"78173","11.143779754638672","11.143779754638672","11.143779754638672"
"78274","11.21699333190918","11.21699333190918","11.21699333190918"
"78375","11.01952838897705","11.01952838897705","11.01952838897705"
"78476","11.214953422546387","11.214953422546387","11.214953422546387"
"78577","10.865047454833984","10.865047454833984","10.865047454833984"
"78678","11.172747611999512","11.172747611999512","11.172747611999512"
"78779","11.236176490783691","11.236176490783691","11.236176490783691"
"78880","11.337353706359863","11.337353706359863","11.337353706359863"
"78981","10.933289527893066","10.933289527893066","10.933289527893066"
"79082","11.298627853393555","11.298627853393555","11.298627853393555"
"79183","11.316886901855469","11.316886901855469","11.316886901855469"
"79284","11.315727233886719","11.315727233886719","11.315727233886719"
"79385","11.370705604553223","11.370705604553223","11.370705604553223"
"79486","11.338216781616211","11.338216781616211","11.338216781616211"
"79587","11.359236717224121","11.359236717224121","11.359236717224121"
"79688","11.610369682312012","11.610369682312012","11.610369682312012"
"79789","11.453764915466309","11.453764915466309","11.453764915466309"
"79890","10.322284698486328","10.322284698486328","10.322284698486328"
"79991","10.894059181213379","10.894059181213379","10.894059181213379"
"80092","11.302966117858887","11.302966117858887","11.302966117858887"
"80193","11.572354316711426","11.572354316711426","11.572354316711426"
"80294","10.894277572631836","10.894277572631836","10.894277572631836"
"80395","11.54757308959961","11.54757308959961","11.54757308959961"
"80496","11.589101791381836","11.589101791381836","11.589101791381836"
"80597","11.790038108825684","11.790038108825684","11.790038108825684"
"80698","11.931110382080078","11.931110382080078","11.931110382080078"
"80799","11.984228134155273","11.984228134155273","11.984228134155273"
"80900","12.069389343261719","12.069389343261719","12.069389343261719"
"81001","12.16219711303711","12.16219711303711","12.16219711303711"
"81102","11.571839332580566","11.571839332580566","11.571839332580566"
"81203","11.9929780960083","11.9929780960083","11.9929780960083"
"81304","12.020991325378418","12.020991325378418","12.020991325378418"
"81405","12.113452911376953","12.113452911376953","12.113452911376953"
"81506","12.137316703796387","12.137316703796387","12.137316703796387"
"81607","12.035226821899414","12.035226821899414","12.035226821899414"
"81708","12.155156135559082","12.155156135559082","12.155156135559082"
"81809","12.060480117797852","12.060480117797852","12.060480117797852"
"81910","12.196074485778809","12.196074485778809","12.196074485778809"
"82011","12.171914100646973","12.171914100646973","12.171914100646973"
"82112","12.337431907653809","12.337431907653809","12.337431907653809"
"82213","12.334882736206055","12.334882736206055","12.334882736206055"
"82314","12.245580673217773","12.245580673217773","12.245580673217773"
"82415","12.475834846496582","12.475834846496582","12.475834846496582"
"82516","12.61905288696289","12.61905288696289","12.61905288696289"
"82617","12.7431640625","12.7431640625","12.7431640625"
"82718","12.291569709777832","12.291569709777832","12.291569709777832"
"82819","13.557498931884766","13.557498931884766","13.557498931884766"
"82920","12.625556945800781","12.625556945800781","12.625556945800781"
"83021","13.270546913146973","13.270546913146973","13.270546913146973"
"83122","11.810776710510254","11.810776710510254","11.810776710510254"
"83223","12.895635604858398","12.895635604858398","12.895635604858398"
"83324","13.419829368591309","13.419829368591309","13.419829368591309"
"83425","13.267511367797852","13.267511367797852","13.267511367797852"
"83526","11.931130409240723","11.931130409240723","11.931130409240723"
"83627","13.541123390197754","13.541123390197754","13.541123390197754"
"83728","12.510148048400879","12.510148048400879","12.510148048400879"
"83829","14.201213836669922","14.201213836669922","14.201213836669922"
"83930","14.22734260559082","14.22734260559082","14.22734260559082"
"84031","14.22873306274414","14.22873306274414","14.22873306274414"
"84132","14.113725662231445","14.113725662231445","14.113725662231445"
"84233","14.70989990234375","14.70989990234375","14.70989990234375"
"84334","14.720739364624023","14.720739364624023","14.720739364624023"
"84435","15.017504692077637","15.017504692077637","15.017504692077637"
"84536","15.459360122680664","15.459360122680664","15.459360122680664"
"84637","15.128111839294434","15.128111839294434","15.128111839294434"
"84738","15.377532958984375","15.377532958984375","15.377532958984375"
"84839","15.368841171264648","15.368841171264648","15.368841171264648"
"84940","15.815296173095703","15.815296173095703","15.815296173095703"
"85041","15.5962495803833","15.5962495803833","15.5962495803833"
"85142","15.89185905456543","15.89185905456543","15.89185905456543"
"85243","16.149782180786133","16.149782180786133","16.149782180786133"
"85344","16.352231979370117","16.352231979370117","16.352231979370117"
"85445","15.286720275878906","15.286720275878906","15.286720275878906"
"85546","16.155977249145508","16.155977249145508","16.155977249145508"
"85647","16.454858779907227","16.454858779907227","16.454858779907227"
"85748","16.80791664123535","16.80791664123535","16.80791664123535"
"85849","16.46506690979004","16.46506690979004","16.46506690979004"
"85950","16.369794845581055","16.369794845581055","16.369794845581055"
"86051","16.630165100097656","16.630165100097656","16.630165100097656"
"86152","16.83582305908203","16.83582305908203","16.83582305908203"
"86253","17.063966751098633","17.063966751098633","17.063966751098633"
"86354","17.069623947143555","17.069623947143555","17.069623947143555"
"86455","16.034048080444336","16.034048080444336","16.034048080444336"
"86556","17.064237594604492","17.064237594604492","17.064237594604492"
"86657","16.091766357421875","16.091766357421875","16.091766357421875"
"86758","16.474464416503906","16.474464416503906","16.474464416503906"
"86859","16.640090942382812","16.640090942382812","16.640090942382812"
"86960","16.638757705688477","16.638757705688477","16.638757705688477"
"87061","14.197216987609863","14.197216987609863","14.197216987609863"
"87162","16.677444458007812","16.677444458007812","16.677444458007812"
"87263","17.24287223815918","17.24287223815918","17.24287223815918"
"87364","17.138303756713867","17.138303756713867","17.138303756713867"
"87465","16.746068954467773","16.746068954467773","16.746068954467773"
"87566","15.325748443603516","15.325748443603516","15.325748443603516"
"87667","17.371070861816406","17.371070861816406","17.371070861816406"
"87768","17.486469268798828","17.486469268798828","17.486469268798828"
"87869","16.461530685424805","16.461530685424805","16.461530685424805"
"87970","16.974456787109375","16.974456787109375","16.974456787109375"
"88071","17.409156799316406","17.409156799316406","17.409156799316406"
"88172","16.731977462768555","16.731977462768555","16.731977462768555"
"88273","16.93539047241211","16.93539047241211","16.93539047241211"
"88374","15.138586044311523","15.138586044311523","15.138586044311523"
"88475","16.196561813354492","16.196561813354492","16.196561813354492"
"88576","16.754451751708984","16.754451751708984","16.754451751708984"
"88677","17.202699661254883","17.202699661254883","17.202699661254883"
"88778","16.652490615844727","16.652490615844727","16.652490615844727"
"88879","16.79271697998047","16.79271697998047","16.79271697998047"
"88980","17.79492950439453","17.79492950439453","17.79492950439453"
"89081","17.240442276000977","17.240442276000977","17.240442276000977"
"89182","15.419355392456055","15.419355392456055","15.419355392456055"
"89283","16.403602600097656","16.403602600097656","16.403602600097656"
"89384","17.104049682617188","17.104049682617188","17.104049682617188"
"89485","17.175945281982422","17.175945281982422","17.175945281982422"
"89586","17.570661544799805","17.570661544799805","17.570661544799805"
"89687","17.357254028320312","17.357254028320312","17.357254028320312"
"89788","17.791414260864258","17.791414260864258","17.791414260864258"
"89889","17.3801326751709","17.3801326751709","17.3801326751709"
"89990","17.533506393432617","17.533506393432617","17.533506393432617"
"90091","17.229232788085938","17.229232788085938","17.229232788085938"
"90192","17.92571258544922","17.92571258544922","17.92571258544922"
"90293","18.106544494628906","18.106544494628906","18.106544494628906"
"90394","16.801021575927734","16.801021575927734","16.801021575927734"
"90495","17.982511520385742","17.982511520385742","17.982511520385742"
"90596","17.881330490112305","17.881330490112305","17.881330490112305"
"90697","17.670814514160156","17.670814514160156","17.670814514160156"
"90798","18.003801345825195","18.003801345825195","18.003801345825195"
"90899","18.315954208374023","18.315954208374023","18.315954208374023"
"91000","18.003019332885742","18.003019332885742","18.003019332885742"
"91101","17.795978546142578","17.795978546142578","17.795978546142578"
"91202","17.9907283782959","17.9907283782959","17.9907283782959"
"91303","18.23393440246582","18.23393440246582","18.23393440246582"
"91404","17.904062271118164","17.904062271118164","17.904062271118164"
"91505","18.2243709564209","18.2243709564209","18.2243709564209"
"91606","17.985729217529297","17.985729217529297","17.985729217529297"
"91707","18.191301345825195","18.191301345825195","18.191301345825195"
"91808","18.104690551757812","18.104690551757812","18.104690551757812"
"91909","18.294618606567383","18.294618606567383","18.294618606567383"
"92010","17.920082092285156","17.920082092285156","17.920082092285156"
"92111","17.940996170043945","17.940996170043945","17.940996170043945"
"92212","18.52719497680664","18.52719497680664","18.52719497680664"
"92313","18.296485900878906","18.296485900878906","18.296485900878906"
"92414","18.339637756347656","18.339637756347656","18.339637756347656"
"92515","18.50857162475586","18.50857162475586","18.50857162475586"
"92616","18.26226806640625","18.26226806640625","18.26226806640625"
"92717","18.700767517089844","18.700767517089844","18.700767517089844"
"92818","16.475831985473633","16.475831985473633","16.475831985473633"
"92919","18.519729614257812","18.519729614257812","18.519729614257812"
"93020","18.792795181274414","18.792795181274414","18.792795181274414"
"93121","18.34513282775879","18.34513282775879","18.34513282775879"
"93222","18.65369415283203","18.65369415283203","18.65369415283203"
"93323","17.731914520263672","17.731914520263672","17.731914520263672"
"93424","18.15690040588379","18.15690040588379","18.15690040588379"
"93525","18.31787872314453","18.31787872314453","18.31787872314453"
"93626","18.187267303466797","18.187267303466797","18.187267303466797"
"93727","18.44662094116211","18.44662094116211","18.44662094116211"
"93828","17.685901641845703","17.685901641845703","17.685901641845703"
"93929","18.49388885498047","18.49388885498047","18.49388885498047"
"94030","18.717529296875","18.717529296875","18.717529296875"
"94131","18.28705596923828","18.28705596923828","18.28705596923828"
"94232","15.9022216796875","15.9022216796875","15.9022216796875"
"94333","18.21367645263672","18.21367645263672","18.21367645263672"
"94434","18.088899612426758","18.088899612426758","18.088899612426758"
"94535","18.271116256713867","18.271116256713867","18.271116256713867"
"94636","18.612913131713867","18.612913131713867","18.612913131713867"
"94737","18.466270446777344","18.466270446777344","18.466270446777344"
"94838","18.55523681640625","18.55523681640625","18.55523681640625"
"94939","16.955272674560547","16.955272674560547","16.955272674560547"
"95040","8.870633125305176","8.870633125305176","8.870633125305176"
"95141","10.13846206665039","10.13846206665039","10.13846206665039"
"95242","8.016136169433594","8.016136169433594","8.016136169433594"
"95343","8.451370239257812","8.451370239257812","8.451370239257812"
"95444","10.30016803741455","10.30016803741455","10.30016803741455"
"95545","11.695067405700684","11.695067405700684","11.695067405700684"
"95646","11.11282730102539","11.11282730102539","11.11282730102539"
"95747","11.734427452087402","11.734427452087402","11.734427452087402"
"95848","12.554801940917969","12.554801940917969","12.554801940917969"
"95949","13.213889122009277","13.213889122009277","13.213889122009277"
"96050","13.679123878479004","13.679123878479004","13.679123878479004"
"96151","14.078380584716797","14.078380584716797","14.078380584716797"
"96252","14.383212089538574","14.383212089538574","14.383212089538574"
"96353","9.014373779296875","9.014373779296875","9.014373779296875"
"96454","11.230364799499512","11.230364799499512","11.230364799499512"
"96555","11.365931510925293","11.365931510925293","11.365931510925293"
"96656","10.908843994140625","10.908843994140625","10.908843994140625"
"96757","11.806702613830566","11.806702613830566","11.806702613830566"
"96858","11.647802352905273","11.647802352905273","11.647802352905273"
"96959","12.469717025756836","12.469717025756836","12.469717025756836"
"97060","11.9287691116333","11.9287691116333","11.9287691116333"
"97161","11.641257286071777","11.641257286071777","11.641257286071777"
"97262","12.54995346069336","12.54995346069336","12.54995346069336"
"97363","12.893957138061523","12.893957138061523","12.893957138061523"
"97464","12.620800971984863","12.620800971984863","12.620800971984863"
"97565","10.524192810058594","10.524192810058594","10.524192810058594"
"97666","11.105539321899414","11.105539321899414","11.105539321899414"
"97767","11.464520454406738","11.464520454406738","11.464520454406738"
"97868","11.559294700622559","11.559294700622559","11.559294700622559"
"97969","11.667926788330078","11.667926788330078","11.667926788330078"
"98070","12.113239288330078","12.113239288330078","12.113239288330078"
"98171","11.762809753417969","11.762809753417969","11.762809753417969"
"98272","11.120352745056152","11.120352745056152","11.120352745056152"
"98373","11.023492813110352","11.023492813110352","11.023492813110352"
"98474","9.730931282043457","9.730931282043457","9.730931282043457"
"98575","10.20822525024414","10.20822525024414","10.20822525024414"
"98676","10.066520690917969","10.066520690917969","10.066520690917969"
"98777","10.279763221740723","10.279763221740723","10.279763221740723"
"98878","10.156248092651367","10.156248092651367","10.156248092651367"
"98979","10.428815841674805","10.428815841674805","10.428815841674805"
"99080","10.583571434020996","10.583571434020996","10.583571434020996"
"99181","10.613531112670898","10.613531112670898","10.613531112670898"
"99282","10.582106590270996","10.582106590270996","10.582106590270996"
"99383","10.589757919311523","10.589757919311523","10.589757919311523"
"99484","10.714427947998047","10.714427947998047","10.714427947998047"
"99585","10.640573501586914","10.640573501586914","10.640573501586914"
"99686","10.658171653747559","10.658171653747559","10.658171653747559"
"99787","10.691105842590332","10.691105842590332","10.691105842590332"
"99888","10.51025104522705","10.51025104522705","10.51025104522705"
"99989","10.934499740600586","10.934499740600586","10.934499740600586"
"100090","11.217358589172363","11.217358589172363","11.217358589172363"
"100191","11.290129661560059","11.290129661560059","11.290129661560059"
"100292","11.086457252502441","11.086457252502441","11.086457252502441"
"100393","11.369112968444824","11.369112968444824","11.369112968444824"
"100494","11.68368911743164","11.68368911743164","11.68368911743164"
"100595","11.484748840332031","11.484748840332031","11.484748840332031"
"100696","11.847698211669922","11.847698211669922","11.847698211669922"
"100797","10.672344207763672","10.672344207763672","10.672344207763672"
"100898","10.609330177307129","10.609330177307129","10.609330177307129"